Workbook

Sheet 1st Round by State
A1: UF | B1: State | C1: Region | D1: Pollster | E1: Fieldwork | F1: Sample / margin | G1: Poll vintage | H1: Lula (PT) | I1: Flávio Bolsonaro (PL) | J1: Ronaldo Caiado (PSD) | K1: Romeu Zema (Novo) | L1: Renan Santos (Missão) | M1: Augusto Cury (Avante) | N1: Samara Martins (UP) | O1: Rui Costa Pimenta (PCO) | P1: Clariana Barão (DC) | Q1: Wilson Grassi (Democrata) | R1: Edmilson Costa (PCB) | S1: Hertz Dias (PSTU) | T1: Leonardo Avalanche (PRTB) | U1: Undecided | V1: Blank / null / won't vote | W1: Leader (formula) | X1: Lead over 2nd (pp, formula) | Y1: Total reported % (formula) | Z1: Source URL(s)
A2: AC | B2: Acre | C2: North | D2: Quaest (for TV Globo / affiliates) | E2: 23–26 Aug 2026 | F2: 804; ±3 pp | G2: Aug round | H2: 0.25 | I2: 0.42 | J2: 0.05 | K2: 0.02 | L2: 0.02 | M2: 0.02 | N2: 0.01 | O2: 0 | P2: 0 | Q2: 0 | R2: 0 | S2: 0 | U2: 0.14 | V2: 0.07 | W2: =INDEX($H$1:$T$1,MATCH(MAX(H2:T2),H2:T2,0)) -> Flávio Bolsonaro (PL) | X2: =(LARGE(H2:T2,1)-LARGE(H2:T2,2))*100 -> 17 | Y2: =SUM(H2:V2) -> 1 | Z2: https://www.cartacapital.com.br/politica/como-esta-a-disputa-pela-presidencia-na-bahia-goias-e-outros-4-estados-segundo-a-quaest/
A3: AL | B3: Alagoas | C3: Northeast | D3: Quaest (for TV Globo / affiliates) | E3: Released 24–25 Aug 2026 | F3: ±3 pp | G3: Aug round | H3: 0.44 | I3: 0.29 | J3: 0.01 | L3: 0.02 | M3: 0.01 | N3: 0.01 | O3: 0.01 | U3: 0.11 | V3: 0.1 | W3: =INDEX($H$1:$T$1,MATCH(MAX(H3:T3),H3:T3,0)) -> Lula (PT) | X3: =(LARGE(H3:T3,1)-LARGE(H3:T3,2))*100 -> 15 | Y3: =SUM(H3:V3) -> 1 | Z3: https://www.brasildefato.com.br/2026/08/26/onde-lula-e-flavio-bolsonaro-lideram-disputa-para-presidente-veja-os-numeros-da-quaest-em-17-estados-e-no-df/
A4: AP | B4: Amapá | C4: North | D4: Quaest (for TV Globo / affiliates) | E4: Released 24–25 Aug 2026 | F4: ±3 pp | G4: Aug round | H4: 0.36 | I4: 0.33 | J4: 0.02 | K4: 0.01 | L4: 0.03 | M4: 0.02 | O4: 0.01 | U4: 0.14 | V4: 0.08 | W4: =INDEX($H$1:$T$1,MATCH(MAX(H4:T4),H4:T4,0)) -> Lula (PT) | X4: =(LARGE(H4:T4,1)-LARGE(H4:T4,2))*100 -> 3 | Y4: =SUM(H4:V4) -> 1 | Z4: https://www.brasildefato.com.br/2026/08/26/onde-lula-e-flavio-bolsonaro-lideram-disputa-para-presidente-veja-os-numeros-da-quaest-em-17-estados-e-no-df/
A5: AM | B5: Amazonas | C5: North | D5: Quaest (for TV Globo / affiliates) | E5: Released 24–25 Aug 2026 | F5: ±3 pp | G5: Aug round | H5: 0.38 | I5: 0.33 | J5: 0.02 | K5: 0.01 | L5: 0.03 | M5: 0.03 | P5: 0.01 | U5: 0.12 | V5: 0.07 | W5: =INDEX($H$1:$T$1,MATCH(MAX(H5:T5),H5:T5,0)) -> Lula (PT) | X5: =(LARGE(H5:T5,1)-LARGE(H5:T5,2))*100 -> 5 | Y5: =SUM(H5:V5) -> 1 | Z5: https://www.brasildefato.com.br/2026/08/26/onde-lula-e-flavio-bolsonaro-lideram-disputa-para-presidente-veja-os-numeros-da-quaest-em-17-estados-e-no-df/
A6: BA | B6: Bahia | C6: Northeast | D6: Quaest (for TV Globo / affiliates) | E6: 23–26 Aug 2026 | F6: 900; ±3 pp | G6: Aug round | H6: 0.5 | I6: 0.17 | J6: 0.04 | K6: 0.01 | L6: 0.01 | M6: 0.04 | N6: 0.01 | O6: 0.02 | P6: 0 | Q6: 0 | R6: 0 | S6: 0 | U6: 0.12 | V6: 0.08 | W6: =INDEX($H$1:$T$1,MATCH(MAX(H6:T6),H6:T6,0)) -> Lula (PT) | X6: =(LARGE(H6:T6,1)-LARGE(H6:T6,2))*100 -> 33 | Y6: =SUM(H6:V6) -> 1 | Z6: https://www.cartacapital.com.br/politica/como-esta-a-disputa-pela-presidencia-na-bahia-goias-e-outros-4-estados-segundo-a-quaest/
A7: CE | B7: Ceará | C7: Northeast | D7: Quaest (for TV Globo / affiliates) | E7: 19–22 Sep 2026 | F7: 900; ±3 pp | G7: Late-Sep round | H7: 0.55 | I7: 0.23 | J7: 0.01 | K7: 0 | L7: 0.03 | M7: 0.05 | N7: 0 | O7: 0 | P7: 0 | Q7: 0 | R7: 0 | S7: 0 | T7: 0 | U7: 0.06 | V7: 0.07 | W7: =INDEX($H$1:$T$1,MATCH(MAX(H7:T7),H7:T7,0)) -> Lula (PT) | X7: =(LARGE(H7:T7,1)-LARGE(H7:T7,2))*100 -> 32 | Y7: =SUM(H7:V7) -> 1 | Z7: https://diariodonordeste.verdesmares.com.br/pontopoder/pesquisa-quaest-para-presidente-no-ceara-lula-tem-55-flavio-bolsonaro-tem-23-1.3793471 ; https://www.resenhapolitika.com.br/2026/09/23/pesquisa-quaest-para-presidente-no-ceara-lula-tem-55-flavio-bolsonaro-tem-23/
A8: DF | B8: Distrito Federal | C8: Central-West | D8: Quaest (for TV Globo / affiliates) | E8: Released 24–25 Aug 2026 | F8: ±3 pp | G8: Aug round | H8: 0.28 | I8: 0.26 | J8: 0.13 | K8: 0.03 | L8: 0.03 | M8: 0.03 | N8: 0.02 | U8: 0.12 | V8: 0.1 | W8: =INDEX($H$1:$T$1,MATCH(MAX(H8:T8),H8:T8,0)) -> Lula (PT) | X8: =(LARGE(H8:T8,1)-LARGE(H8:T8,2))*100 -> 2 | Y8: =SUM(H8:V8) -> 1 | Z8: https://www.brasildefato.com.br/2026/08/26/onde-lula-e-flavio-bolsonaro-lideram-disputa-para-presidente-veja-os-numeros-da-quaest-em-17-estados-e-no-df/
A9: ES | B9: Espírito Santo | C9: Southeast | D9: Quaest (for TV Globo / affiliates) | E9: 23–26 Aug 2026 | F9: 804; ±3 pp | G9: Aug round | H9: 0.3 | I9: 0.37 | J9: 0.03 | K9: 0.02 | L9: 0.04 | M9: 0.02 | N9: 0 | O9: 0 | P9: 0 | Q9: 0 | R9: 0 | S9: 0 | U9: 0.15 | V9: 0.07 | W9: =INDEX($H$1:$T$1,MATCH(MAX(H9:T9),H9:T9,0)) -> Flávio Bolsonaro (PL) | X9: =(LARGE(H9:T9,1)-LARGE(H9:T9,2))*100 -> 7 | Y9: =SUM(H9:V9) -> 1 | Z9: https://www.cartacapital.com.br/politica/como-esta-a-disputa-pela-presidencia-na-bahia-goias-e-outros-4-estados-segundo-a-quaest/
A10: GO | B10: Goiás | C10: Central-West | D10: Quaest (for TV Globo / affiliates) | E10: 23–26 Aug 2026 | F10: 804; ±3 pp | G10: Aug round | H10: 0.2 | I10: 0.27 | J10: 0.32 | K10: 0.02 | L10: 0.02 | M10: 0.01 | N10: 0.01 | O10: 0 | P10: 0 | Q10: 0 | R10: 0 | S10: 0 | U10: 0.11 | V10: 0.04 | W10: =INDEX($H$1:$T$1,MATCH(MAX(H10:T10),H10:T10,0)) -> Ronaldo Caiado (PSD) | X10: =(LARGE(H10:T10,1)-LARGE(H10:T10,2))*100 -> 5 | Y10: =SUM(H10:V10) -> 1 | Z10: https://www.cartacapital.com.br/politica/como-esta-a-disputa-pela-presidencia-na-bahia-goias-e-outros-4-estados-segundo-a-quaest/
A11: MA | B11: Maranhão | C11: Northeast | D11: Quaest (for TV Globo / affiliates) | E11: Released 24–25 Aug 2026 | F11: ±3 pp | G11: Aug round | H11: 0.58 | I11: 0.2 | J11: 0.02 | L11: 0.02 | M11: 0.01 | Q11: 0.01 | U11: 0.11 | V11: 0.05 | W11: =INDEX($H$1:$T$1,MATCH(MAX(H11:T11),H11:T11,0)) -> Lula (PT) | X11: =(LARGE(H11:T11,1)-LARGE(H11:T11,2))*100 -> 38 | Y11: =SUM(H11:V11) -> 1 | Z11: https://www.brasildefato.com.br/2026/08/26/onde-lula-e-flavio-bolsonaro-lideram-disputa-para-presidente-veja-os-numeros-da-quaest-em-17-estados-e-no-df/
A12: MT | B12: Mato Grosso | C12: Central-West | D12: Quaest (for TV Globo / affiliates) | E12: Released 24–25 Aug 2026 | F12: ±3 pp | G12: Aug round | H12: 0.26 | I12: 0.43 | J12: 0.04 | K12: 0.02 | L12: 0.03 | M12: 0.01 | N12: 0.01 | U12: 0.14 | V12: 0.06 | W12: =INDEX($H$1:$T$1,MATCH(MAX(H12:T12),H12:T12,0)) -> Flávio Bolsonaro (PL) | X12: =(LARGE(H12:T12,1)-LARGE(H12:T12,2))*100 -> 17 | Y12: =SUM(H12:V12) -> 1 | Z12: https://www.brasildefato.com.br/2026/08/26/onde-lula-e-flavio-bolsonaro-lideram-disputa-para-presidente-veja-os-numeros-da-quaest-em-17-estados-e-no-df/
A13: MS | B13: Mato Grosso do Sul | C13: Central-West | D13: Quaest (for TV Globo / affiliates) | E13: Released 24–25 Aug 2026 | F13: ±3 pp | G13: Aug round | H13: 0.27 | I13: 0.33 | J13: 0.05 | K13: 0.02 | L13: 0.04 | M13: 0.03 | N13: 0.02 | P13: 0.01 | U13: 0.13 | V13: 0.1 | W13: =INDEX($H$1:$T$1,MATCH(MAX(H13:T13),H13:T13,0)) -> Flávio Bolsonaro (PL) | X13: =(LARGE(H13:T13,1)-LARGE(H13:T13,2))*100 -> 6 | Y13: =SUM(H13:V13) -> 1 | Z13: https://www.brasildefato.com.br/2026/08/26/onde-lula-e-flavio-bolsonaro-lideram-disputa-para-presidente-veja-os-numeros-da-quaest-em-17-estados-e-no-df/
A14: MG | B14: Minas Gerais | C14: Southeast | D14: Quaest (for TV Globo / affiliates) | E14: Released 24–25 Aug 2026 | F14: ±3 pp | G14: Aug round | H14: 0.3 | I14: 0.31 | J14: 0.03 | K14: 0.07 | L14: 0.03 | M14: 0.01 | U14: 0.17 | V14: 0.08 | W14: =INDEX($H$1:$T$1,MATCH(MAX(H14:T14),H14:T14,0)) -> Flávio Bolsonaro (PL) | X14: =(LARGE(H14:T14,1)-LARGE(H14:T14,2))*100 -> 1 | Y14: =SUM(H14:V14) -> 1 | Z14: https://www.brasildefato.com.br/2026/08/26/onde-lula-e-flavio-bolsonaro-lideram-disputa-para-presidente-veja-os-numeros-da-quaest-em-17-estados-e-no-df/
A15: PA | B15: Pará | C15: North | D15: Quaest (for TV Globo / affiliates) | E15: 22–25 Sep 2026 | F15: 804; ±3 pp | G15: Late-Sep round | H15: 0.4 | I15: 0.35 | J15: 0.02 | K15: 0 | L15: 0.02 | M15: 0.07 | N15: 0 | O15: 0 | P15: 0 | Q15: 0 | R15: 0 | S15: 0 | T15: 0 | U15: 0.1 | V15: 0.04 | W15: =INDEX($H$1:$T$1,MATCH(MAX(H15:T15),H15:T15,0)) -> Lula (PT) | X15: =(LARGE(H15:T15,1)-LARGE(H15:T15,2))*100 -> 5 | Y15: =SUM(H15:V15) -> 1 | Z15: https://www.cartacapital.com.br/politica/quaest-lula-vai-a-40-no-para-contra-35-de-flavio-bolsonaro/ ; https://sempauta.com.br/noticia/49986/quaest-no-para-lula-40-flavio-bolsonaro-35-augusto-cury-7-renan-santos-2-ronaldo-caiado-2.html
A16: PB | B16: Paraíba | C16: Northeast | D16: Quaest (for TV Globo / affiliates) | E16: Released 24–25 Aug 2026 | F16: ±3 pp | G16: Aug round | H16: 0.5 | I16: 0.21 | J16: 0.03 | K16: 0.01 | L16: 0.02 | M16: 0.01 | N16: 0.01 | U16: 0.08 | V16: 0.13 | W16: =INDEX($H$1:$T$1,MATCH(MAX(H16:T16),H16:T16,0)) -> Lula (PT) | X16: =(LARGE(H16:T16,1)-LARGE(H16:T16,2))*100 -> 29 | Y16: =SUM(H16:V16) -> 1 | Z16: https://www.brasildefato.com.br/2026/08/26/onde-lula-e-flavio-bolsonaro-lideram-disputa-para-presidente-veja-os-numeros-da-quaest-em-17-estados-e-no-df/
A17: PR | B17: Paraná | C17: South | D17: Quaest (for TV Globo / affiliates) | E17: Released 24–25 Aug 2026 | F17: ±3 pp | G17: Aug round | H17: 0.23 | I17: 0.41 | J17: 0.05 | K17: 0.03 | L17: 0.02 | M17: 0.01 | R17: 0.01 | U17: 0.17 | V17: 0.07 | W17: =INDEX($H$1:$T$1,MATCH(MAX(H17:T17),H17:T17,0)) -> Flávio Bolsonaro (PL) | X17: =(LARGE(H17:T17,1)-LARGE(H17:T17,2))*100 -> 18 | Y17: =SUM(H17:V17) -> 1 | Z17: https://www.brasildefato.com.br/2026/08/26/onde-lula-e-flavio-bolsonaro-lideram-disputa-para-presidente-veja-os-numeros-da-quaest-em-17-estados-e-no-df/
A18: PE | B18: Pernambuco | C18: Northeast | D18: Quaest (for TV Globo / affiliates) | E18: 25–28 Sep 2026 | F18: 1,302; ±3 pp | G18: Late-Sep round | H18: 0.58 | I18: 0.2 | J18: 0.01 | K18: 0 | L18: 0.02 | M18: 0.03 | N18: 0 | O18: 0 | P18: 0 | Q18: 0 | R18: 0 | S18: 0 | T18: 0 | U18: 0.11 | V18: 0.05 | W18: =INDEX($H$1:$T$1,MATCH(MAX(H18:T18),H18:T18,0)) -> Lula (PT) | X18: =(LARGE(H18:T18,1)-LARGE(H18:T18,2))*100 -> 38 | Y18: =SUM(H18:V18) -> 1 | Z18: https://www.diariodepernambuco.com.br/politica/2026/09/11725294-quaest-em-pernambuco-lula-tem-58-contra-20-de-flavio-bolsonaro-no-1-turno.html
A19: PI | B19: Piauí | C19: Northeast | D19: AtlasIntel (online; Quaest did not poll PI) | E19: 23–28 Sep 2026 | F19: 1,218; ±2 pp | G19: Late-Sep, different pollster | H19: 0.685 | I19: 0.246 | J19: 0.013 | K19: 0 | L19: 0.02 | M19: 0.024 | N19: 0 | U19: 0.006 | V19: 0.006 | W19: =INDEX($H$1:$T$1,MATCH(MAX(H19:T19),H19:T19,0)) -> Lula (PT) | X19: =(LARGE(H19:T19,1)-LARGE(H19:T19,2))*100 -> 43.9 | Y19: =SUM(H19:V19) -> 1 | Z19: https://www.poder360.com.br/poder-eleicoes-2026/lula-tem-70-e-flavio-26-no-2o-turno-no-pi-diz-atlasintel/ ; https://www.brasil247.com/nordeste/atlas-lula-tem-685-e-flavio-bolsonaro-246-no-piaui/
A20: RJ | B20: Rio de Janeiro | C20: Southeast | D20: Quaest (for TV Globo / affiliates) | E20: Released 24–25 Aug 2026 | F20: ±3 pp | G20: Aug round | H20: 0.29 | I20: 0.31 | J20: 0.02 | K20: 0.02 | L20: 0.02 | M20: 0.01 | N20: 0.01 | U20: 0.16 | V20: 0.16 | W20: =INDEX($H$1:$T$1,MATCH(MAX(H20:T20),H20:T20,0)) -> Flávio Bolsonaro (PL) | X20: =(LARGE(H20:T20,1)-LARGE(H20:T20,2))*100 -> 2 | Y20: =SUM(H20:V20) -> 1 | Z20: https://www.brasildefato.com.br/2026/08/26/onde-lula-e-flavio-bolsonaro-lideram-disputa-para-presidente-veja-os-numeros-da-quaest-em-17-estados-e-no-df/
A21: RN | B21: Rio Grande do Norte | C21: Northeast | D21: Quaest (for TV Globo / affiliates) | E21: Released 24–25 Aug 2026 | F21: ±3 pp | G21: Aug round | H21: 0.54 | I21: 0.2 | J21: 0.02 | K21: 0.01 | L21: 0.02 | M21: 0.01 | U21: 0.09 | V21: 0.11 | W21: =INDEX($H$1:$T$1,MATCH(MAX(H21:T21),H21:T21,0)) -> Lula (PT) | X21: =(LARGE(H21:T21,1)-LARGE(H21:T21,2))*100 -> 34 | Y21: =SUM(H21:V21) -> 1 | Z21: https://www.brasildefato.com.br/2026/08/26/onde-lula-e-flavio-bolsonaro-lideram-disputa-para-presidente-veja-os-numeros-da-quaest-em-17-estados-e-no-df/
A22: RS | B22: Rio Grande do Sul | C22: South | D22: Quaest (for TV Globo / affiliates) | E22: Released 24–25 Aug 2026 | F22: ±3 pp | G22: Aug round | H22: 0.28 | I22: 0.34 | J22: 0.03 | K22: 0.02 | L22: 0.02 | M22: 0.02 | Q22: 0.01 | U22: 0.18 | V22: 0.1 | W22: =INDEX($H$1:$T$1,MATCH(MAX(H22:T22),H22:T22,0)) -> Flávio Bolsonaro (PL) | X22: =(LARGE(H22:T22,1)-LARGE(H22:T22,2))*100 -> 6 | Y22: =SUM(H22:V22) -> 1 | Z22: https://www.brasildefato.com.br/2026/08/26/onde-lula-e-flavio-bolsonaro-lideram-disputa-para-presidente-veja-os-numeros-da-quaest-em-17-estados-e-no-df/
A23: RO | B23: Rondônia | C23: North | D23: Quaest (for TV Globo / affiliates) | E23: Released 24–25 Aug 2026 | F23: ±3 pp | G23: Aug round | H23: 0.25 | I23: 0.45 | J23: 0.03 | K23: 0.02 | L23: 0.03 | M23: 0.01 | P23: 0.01 | Q23: 0.01 | U23: 0.12 | V23: 0.07 | W23: =INDEX($H$1:$T$1,MATCH(MAX(H23:T23),H23:T23,0)) -> Flávio Bolsonaro (PL) | X23: =(LARGE(H23:T23,1)-LARGE(H23:T23,2))*100 -> 20 | Y23: =SUM(H23:V23) -> 1 | Z23: https://www.brasildefato.com.br/2026/08/26/onde-lula-e-flavio-bolsonaro-lideram-disputa-para-presidente-veja-os-numeros-da-quaest-em-17-estados-e-no-df/
A24: RR | B24: Roraima | C24: North | D24: Quaest (for TV Globo / affiliates) | E24: 23–26 Aug 2026 | F24: 804; ±3 pp | G24: Aug round | H24: 0.17 | I24: 0.52 | J24: 0.03 | K24: 0.01 | L24: 0.04 | M24: 0.03 | N24: 0.01 | O24: 0.01 | P24: 0 | Q24: 0 | R24: 0 | S24: 0 | U24: 0.11 | V24: 0.07 | W24: =INDEX($H$1:$T$1,MATCH(MAX(H24:T24),H24:T24,0)) -> Flávio Bolsonaro (PL) | X24: =(LARGE(H24:T24,1)-LARGE(H24:T24,2))*100 -> 35 | Y24: =SUM(H24:V24) -> 1 | Z24: https://www.cartacapital.com.br/politica/como-esta-a-disputa-pela-presidencia-na-bahia-goias-e-outros-4-estados-segundo-a-quaest/
A25: SC | B25: Santa Catarina | C25: South | D25: Quaest (for TV Globo / affiliates) | E25: Released 24–25 Aug 2026 | F25: ±3 pp | G25: Aug round | H25: 0.2 | I25: 0.45 | J25: 0.03 | K25: 0.03 | L25: 0.04 | M25: 0.03 | N25: 0.01 | U25: 0.13 | V25: 0.08 | W25: =INDEX($H$1:$T$1,MATCH(MAX(H25:T25),H25:T25,0)) -> Flávio Bolsonaro (PL) | X25: =(LARGE(H25:T25,1)-LARGE(H25:T25,2))*100 -> 25 | Y25: =SUM(H25:V25) -> 1 | Z25: https://www.brasildefato.com.br/2026/08/26/onde-lula-e-flavio-bolsonaro-lideram-disputa-para-presidente-veja-os-numeros-da-quaest-em-17-estados-e-no-df/
A26: SP | B26: São Paulo | C26: Southeast | D26: Quaest (for TV Globo / affiliates) | E26: 25–28 Sep 2026 | F26: 1,800; ±2 pp | G26: Late-Sep round | H26: 0.3 | I26: 0.36 | J26: 0.04 | K26: 0.01 | L26: 0.03 | M26: 0.05 | N26: 0 | O26: 0 | P26: 0 | R26: 0 | S26: 0 | T26: 0 | U26: 0.12 | V26: 0.09 | W26: =INDEX($H$1:$T$1,MATCH(MAX(H26:T26),H26:T26,0)) -> Flávio Bolsonaro (PL) | X26: =(LARGE(H26:T26,1)-LARGE(H26:T26,2))*100 -> 6 | Y26: =SUM(H26:V26) -> 1 | Z26: https://revistaforum.com.br/politica/nova-quaest-em-sp-lula-flavio/
A27: SE | B27: Sergipe | C27: Northeast | D27: Quaest (for TV Globo / affiliates) | E27: 23–26 Aug 2026 | F27: 804; ±3 pp | G27: Aug round | H27: 0.53 | I27: 0.19 | J27: 0.03 | K27: 0 | L27: 0.02 | M27: 0.02 | N27: 0.01 | O27: 0 | P27: 0 | Q27: 0 | R27: 0 | S27: 0 | U27: 0.11 | V27: 0.09 | W27: =INDEX($H$1:$T$1,MATCH(MAX(H27:T27),H27:T27,0)) -> Lula (PT) | X27: =(LARGE(H27:T27,1)-LARGE(H27:T27,2))*100 -> 34 | Y27: =SUM(H27:V27) -> 1 | Z27: https://www.cartacapital.com.br/politica/como-esta-a-disputa-pela-presidencia-na-bahia-goias-e-outros-4-estados-segundo-a-quaest/
A28: TO | B28: Tocantins | C28: North | D28: Quaest (for TV Globo / affiliates) | E28: Released 24–25 Aug 2026 | F28: ±3 pp | G28: Aug round | H28: 0.37 | I28: 0.32 | J28: 0.07 | K28: 0.01 | L28: 0.03 | M28: 0.02 | N28: 0.01 | P28: 0.01 | Q28: 0.01 | U28: 0.1 | V28: 0.05 | W28: =INDEX($H$1:$T$1,MATCH(MAX(H28:T28),H28:T28,0)) -> Lula (PT) | X28: =(LARGE(H28:T28,1)-LARGE(H28:T28,2))*100 -> 5 | Y28: =SUM(H28:V28) -> 1 | Z28: https://www.brasildefato.com.br/2026/08/26/onde-lula-e-flavio-bolsonaro-lideram-disputa-para-presidente-veja-os-numeros-da-quaest-em-17-estados-e-no-df/
A30: Notes:
A31: • Highlighted green = highest-scoring candidate in that state. Blank cell = candidate not reported in the source article (below its published cut-off); 0.0% = source explicitly lists 0%.
A32: • 'Poll vintage' matters: 'Aug round' rows are Quaest's Aug 24–27 series; 'Late-Sep round' rows are the final-stretch Quaest series. For the latest Lula/Flávio numbers in every state, see the 'Late-Sep Lula vs Flávio' sheet.
A33: • Aug rows use 'Scenario 1' (without Pablo Marçal, who is ineligible). PRTB is shown as Leonardo Avalanche, who replaced him.
A34: • Piauí is from AtlasIntel (online) because Quaest did not poll it; Quaest's earlier Piauí/Sergipe/Tocantins data is not in its latest round.
A35: • Polls are snapshots of stated intention, not forecasts. First round is 4 Oct 2026.

Sheet Late-Sep Lula vs Flávio
A1: UF | B1: State | C1: Lula (PT) | D1: Flávio Bolsonaro (PL) | E1: Lead (pp, formula) | F1: Leader (formula) | G1: Poll / timing | H1: Source | I1: Lula: change vs main sheet (pp, formula) | J1: Flávio: change vs main sheet (pp, formula)
A2: AC | B2: Acre | C2: 0.24 | D2: 0.5 | E2: =(C2-D2)*100 -> -26 | F2: =IF(C2>D2,"Lula",IF(D2>C2,"Flávio","Tie")) -> Flávio | G2: Quaest/Globo, 2nd half of Sep 2026 | H2: https://www.band.com.br/politica/eleicoes/lula-x-flavio-veja-como-estao-intencoes-de-voto-para-presidente-por-estado | I2: =(C2-INDEX('1st Round by State'!$H$2:$H$28,MATCH(A2,'1st Round by State'!$A$2:$A$28,0)))*100 -> -1 | J2: =(D2-INDEX('1st Round by State'!$I$2:$I$28,MATCH(A2,'1st Round by State'!$A$2:$A$28,0)))*100 -> 8
A3: AL | B3: Alagoas | C3: 0.45 | D3: 0.3 | E3: =(C3-D3)*100 -> 15 | F3: =IF(C3>D3,"Lula",IF(D3>C3,"Flávio","Tie")) -> Lula | G3: Quaest/Globo, 2nd half of Sep 2026 | H3: https://www.band.com.br/politica/eleicoes/lula-x-flavio-veja-como-estao-intencoes-de-voto-para-presidente-por-estado | I3: =(C3-INDEX('1st Round by State'!$H$2:$H$28,MATCH(A3,'1st Round by State'!$A$2:$A$28,0)))*100 -> 1 | J3: =(D3-INDEX('1st Round by State'!$I$2:$I$28,MATCH(A3,'1st Round by State'!$A$2:$A$28,0)))*100 -> 1
A4: AP | B4: Amapá | C4: 0.32 | D4: 0.36 | E4: =(C4-D4)*100 -> -4 | F4: =IF(C4>D4,"Lula",IF(D4>C4,"Flávio","Tie")) -> Flávio | G4: Quaest/Globo, 2nd half of Sep 2026 | H4: https://www.band.com.br/politica/eleicoes/lula-x-flavio-veja-como-estao-intencoes-de-voto-para-presidente-por-estado | I4: =(C4-INDEX('1st Round by State'!$H$2:$H$28,MATCH(A4,'1st Round by State'!$A$2:$A$28,0)))*100 -> -4 | J4: =(D4-INDEX('1st Round by State'!$I$2:$I$28,MATCH(A4,'1st Round by State'!$A$2:$A$28,0)))*100 -> 3
A5: AM | B5: Amazonas | C5: 0.35 | D5: 0.38 | E5: =(C5-D5)*100 -> -3 | F5: =IF(C5>D5,"Lula",IF(D5>C5,"Flávio","Tie")) -> Flávio | G5: Quaest/Globo, 2nd half of Sep 2026 | H5: https://www.band.com.br/politica/eleicoes/lula-x-flavio-veja-como-estao-intencoes-de-voto-para-presidente-por-estado | I5: =(C5-INDEX('1st Round by State'!$H$2:$H$28,MATCH(A5,'1st Round by State'!$A$2:$A$28,0)))*100 -> -3 | J5: =(D5-INDEX('1st Round by State'!$I$2:$I$28,MATCH(A5,'1st Round by State'!$A$2:$A$28,0)))*100 -> 5
A6: BA | B6: Bahia | C6: 0.58 | D6: 0.23 | E6: =(C6-D6)*100 -> 35 | F6: =IF(C6>D6,"Lula",IF(D6>C6,"Flávio","Tie")) -> Lula | G6: Quaest/Globo, 2nd half of Sep 2026 | H6: https://www.band.com.br/politica/eleicoes/lula-x-flavio-veja-como-estao-intencoes-de-voto-para-presidente-por-estado | I6: =(C6-INDEX('1st Round by State'!$H$2:$H$28,MATCH(A6,'1st Round by State'!$A$2:$A$28,0)))*100 -> 8 | J6: =(D6-INDEX('1st Round by State'!$I$2:$I$28,MATCH(A6,'1st Round by State'!$A$2:$A$28,0)))*100 -> 6
A7: CE | B7: Ceará | C7: 0.55 | D7: 0.23 | E7: =(C7-D7)*100 -> 32 | F7: =IF(C7>D7,"Lula",IF(D7>C7,"Flávio","Tie")) -> Lula | G7: Quaest/Globo, 2nd half of Sep 2026 | H7: https://www.band.com.br/politica/eleicoes/lula-x-flavio-veja-como-estao-intencoes-de-voto-para-presidente-por-estado | I7: =(C7-INDEX('1st Round by State'!$H$2:$H$28,MATCH(A7,'1st Round by State'!$A$2:$A$28,0)))*100 -> 0 | J7: =(D7-INDEX('1st Round by State'!$I$2:$I$28,MATCH(A7,'1st Round by State'!$A$2:$A$28,0)))*100 -> 0
A8: DF | B8: Distrito Federal | C8: 0.32 | D8: 0.38 | E8: =(C8-D8)*100 -> -6 | F8: =IF(C8>D8,"Lula",IF(D8>C8,"Flávio","Tie")) -> Flávio | G8: Quaest/Globo, 2nd half of Sep 2026 | H8: https://www.band.com.br/politica/eleicoes/lula-x-flavio-veja-como-estao-intencoes-de-voto-para-presidente-por-estado | I8: =(C8-INDEX('1st Round by State'!$H$2:$H$28,MATCH(A8,'1st Round by State'!$A$2:$A$28,0)))*100 -> 4 | J8: =(D8-INDEX('1st Round by State'!$I$2:$I$28,MATCH(A8,'1st Round by State'!$A$2:$A$28,0)))*100 -> 12
A9: ES | B9: Espírito Santo | C9: 0.29 | D9: 0.34 | E9: =(C9-D9)*100 -> -5 | F9: =IF(C9>D9,"Lula",IF(D9>C9,"Flávio","Tie")) -> Flávio | G9: Quaest/Globo, 2nd half of Sep 2026 | H9: https://www.band.com.br/politica/eleicoes/lula-x-flavio-veja-como-estao-intencoes-de-voto-para-presidente-por-estado | I9: =(C9-INDEX('1st Round by State'!$H$2:$H$28,MATCH(A9,'1st Round by State'!$A$2:$A$28,0)))*100 -> -1 | J9: =(D9-INDEX('1st Round by State'!$I$2:$I$28,MATCH(A9,'1st Round by State'!$A$2:$A$28,0)))*100 -> -3
A10: GO | B10: Goiás | C10: 0.27 | D10: 0.33 | E10: =(C10-D10)*100 -> -6 | F10: =IF(C10>D10,"Lula",IF(D10>C10,"Flávio","Tie")) -> Flávio | G10: Quaest/Globo, 2nd half of Sep 2026 | H10: https://www.band.com.br/politica/eleicoes/lula-x-flavio-veja-como-estao-intencoes-de-voto-para-presidente-por-estado | I10: =(C10-INDEX('1st Round by State'!$H$2:$H$28,MATCH(A10,'1st Round by State'!$A$2:$A$28,0)))*100 -> 7 | J10: =(D10-INDEX('1st Round by State'!$I$2:$I$28,MATCH(A10,'1st Round by State'!$A$2:$A$28,0)))*100 -> 6
A11: MA | B11: Maranhão | C11: 0.59 | D11: 0.22 | E11: =(C11-D11)*100 -> 37 | F11: =IF(C11>D11,"Lula",IF(D11>C11,"Flávio","Tie")) -> Lula | G11: Quaest/Globo, 2nd half of Sep 2026 | H11: https://www.band.com.br/politica/eleicoes/lula-x-flavio-veja-como-estao-intencoes-de-voto-para-presidente-por-estado | I11: =(C11-INDEX('1st Round by State'!$H$2:$H$28,MATCH(A11,'1st Round by State'!$A$2:$A$28,0)))*100 -> 1 | J11: =(D11-INDEX('1st Round by State'!$I$2:$I$28,MATCH(A11,'1st Round by State'!$A$2:$A$28,0)))*100 -> 2
A12: MT | B12: Mato Grosso | C12: 0.26 | D12: 0.41 | E12: =(C12-D12)*100 -> -15 | F12: =IF(C12>D12,"Lula",IF(D12>C12,"Flávio","Tie")) -> Flávio | G12: Quaest/Globo, 2nd half of Sep 2026 | H12: https://www.band.com.br/politica/eleicoes/lula-x-flavio-veja-como-estao-intencoes-de-voto-para-presidente-por-estado | I12: =(C12-INDEX('1st Round by State'!$H$2:$H$28,MATCH(A12,'1st Round by State'!$A$2:$A$28,0)))*100 -> 0 | J12: =(D12-INDEX('1st Round by State'!$I$2:$I$28,MATCH(A12,'1st Round by State'!$A$2:$A$28,0)))*100 -> -2
A13: MS | B13: Mato Grosso do Sul | C13: 0.27 | D13: 0.35 | E13: =(C13-D13)*100 -> -8 | F13: =IF(C13>D13,"Lula",IF(D13>C13,"Flávio","Tie")) -> Flávio | G13: Quaest/Globo, 2nd half of Sep 2026 | H13: https://www.band.com.br/politica/eleicoes/lula-x-flavio-veja-como-estao-intencoes-de-voto-para-presidente-por-estado | I13: =(C13-INDEX('1st Round by State'!$H$2:$H$28,MATCH(A13,'1st Round by State'!$A$2:$A$28,0)))*100 -> 0 | J13: =(D13-INDEX('1st Round by State'!$I$2:$I$28,MATCH(A13,'1st Round by State'!$A$2:$A$28,0)))*100 -> 2
... A26: SP | B26: São Paulo | C26: 0.3 | D26: 0.36 | E26: =(C26-D26)*100 -> -6 | F26: =IF(C26>D26,"Lula",IF(D26>C26,"Flávio","Tie")) -> Flávio | G26: Quaest/Globo, 2nd half of Sep 2026 | H26: https://www.band.com.br/politica/eleicoes/lula-x-flavio-veja-como-estao-intencoes-de-voto-para-presidente-por-estado | I26: =(C26-INDEX('1st Round by State'!$H$2:$H$28,MATCH(A26,'1st Round by State'!$A$2:$A$28,0)))*100 -> 0 | J26: =(D26-INDEX('1st Round by State'!$I$2:$I$28,MATCH(A26,'1st Round by State'!$A$2:$A$28,0)))*100 -> 0
A27: SE | B27: Sergipe | G27: No newer poll found (not in Quaest's latest round) – see main sheet | H27: —
A28: TO | B28: Tocantins | G28: No newer poll found (not in Quaest's latest round) – see main sheet | H28: —
A30: Only Lula and Flávio are reported for the late-Sep round in the compiled source (Band, 1 Oct 2026); Goiás: Caiado 23% in the same round. Full candidate lists are on the main sheet.

Sheet Sources
A1: # | B1: Source | C1: What it provides | D1: URL
A2: 1 | B2: Brasil de Fato – Quaest in 17 states + DF (26 Aug 2026) | C2: Full candidate lists, Aug 24–25 release: AL, AP, AM, DF, MA, MT, MS, MG, PB, PR, RJ, RN, RS, RO, SC, TO | D2: https://www.brasildefato.com.br/2026/08/26/onde-lula-e-flavio-bolsonaro-lideram-disputa-para-presidente-veja-os-numeros-da-quaest-em-17-estados-e-no-df/
A3: 2 | B3: CartaCapital – Quaest in BA, SE, GO, ES, AC, RR (27 Aug 2026) | C3: Full candidate lists, fieldwork 23–26 Aug (Scenario 1, without Marçal) | D3: https://www.cartacapital.com.br/politica/como-esta-a-disputa-pela-presidencia-na-bahia-goias-e-outros-4-estados-segundo-a-quaest/
A4: 3 | B4: Revista Fórum – Quaest São Paulo (29 Sep 2026) | C4: Full list, fieldwork 25–28 Sep | D4: https://revistaforum.com.br/politica/nova-quaest-em-sp-lula-flavio/
A5: 4 | B5: Diário de Pernambuco – Quaest Pernambuco (29 Sep 2026) | C5: Full list, fieldwork 25–28 Sep | D5: https://www.diariodepernambuco.com.br/politica/2026/09/11725294-quaest-em-pernambuco-lula-tem-58-contra-20-de-flavio-bolsonaro-no-1-turno.html
A6: 5 | B6: CartaCapital / Sem Pauta – Quaest Pará (26 Sep 2026) | C6: Full list, fieldwork 22–25 Sep | D6: https://www.cartacapital.com.br/politica/quaest-lula-vai-a-40-no-para-contra-35-de-flavio-bolsonaro/ ; https://sempauta.com.br/noticia/49986/quaest-no-para-lula-40-flavio-bolsonaro-35-augusto-cury-7-renan-santos-2-ronaldo-caiado-2.html
A7: 6 | B7: Diário do Nordeste / Resenha Politika – Quaest Ceará (23 Sep 2026) | C7: Full list, fieldwork 19–22 Sep | D7: https://diariodonordeste.verdesmares.com.br/pontopoder/pesquisa-quaest-para-presidente-no-ceara-lula-tem-55-flavio-bolsonaro-tem-23-1.3793471 ; https://www.resenhapolitika.com.br/2026/09/23/pesquisa-quaest-para-presidente-no-ceara-lula-tem-55-flavio-bolsonaro-tem-23/
A8: 7 | B8: Poder360 / Brasil 247 – AtlasIntel Piauí (29 Sep 2026) | C8: Full list, fieldwork 23–28 Sep (different pollster – Quaest did not poll PI) | D8: https://www.poder360.com.br/poder-eleicoes-2026/lula-tem-70-e-flavio-26-no-2o-turno-no-pi-diz-atlasintel/ ; https://www.brasil247.com/nordeste/atlas-lula-tem-685-e-flavio-bolsonaro-246-no-piaui/
A9: 8 | B9: Band – compilation of latest Quaest state round (1 Oct 2026) | C9: Late-Sep Lula and Flávio figures for 24 units (not PI, SE, TO) | D9: https://www.band.com.br/politica/eleicoes/lula-x-flavio-veja-como-estao-intencoes-de-voto-para-presidente-por-estado
A10: 9 | B10: Brasil de Fato – Quaest Pernambuco etc. / O Tempo / Metrópoles | C10: Cross-checks of Quaest figures | D10: https://www.metropoles.com/brasil/quaest-lula-atinge-40-flavio-marca-35-e-cury-tem-7-no-para
A12: Primary reference: Quaest, commissioned by TV Globo and its affiliates (same pollster and series for 26 of 27 units). Piauí is the only exception.
